{
	"class_name" : "PinholeCameraParameters",
	"extrinsic" : 
	[
		0.67811534625749781,
		-0.03512378091219806,
		-0.7341157246541623,
		0.0,
		0.2347711486072234,
		-0.93617307130070204,
		0.26165337443468167,
		0.0,
		-0.69644962843820879,
		-0.3497803604918987,
		-0.62658727601383557,
		0.0,
		-0.0002864323681086578,
		0.00073114619516811974,
		2.4195040197050481,
		1.0
	],
	"intrinsic" : 
	{
		"height" : 991,
		"intrinsic_matrix" : 
		[
			858.2311751503787,
			0.0,
			0.0,
			0.0,
			858.2311751503787,
			0.0,
			959.5,
			495.0,
			1.0
		],
		"width" : 1920
	},
	"version_major" : 1,
	"version_minor" : 0
}